{ 
    "_id" : ObjectId("5b0d1163cf5e132ac00004ec"), 
    "name" : "Android", 
    "date_time" : ISODate("2018-05-29T08:37:55.764+0000")
}
{ 
    "_id" : ObjectId("5b0d1174cf5e132ac00004ed"), 
    "name" : "Big Data", 
    "date_time" : ISODate("2018-05-29T08:38:12.539+0000")
}
{ 
    "_id" : ObjectId("5b0d118acf5e132ac00004ee"), 
    "name" : "Machine Learning", 
    "date_time" : ISODate("2018-05-29T08:38:34.569+0000")
}
{ 
    "_id" : ObjectId("5b0d2971cf5e132ac00004f3"), 
    "name" : "Artificial Intelligence", 
    "date_time" : ISODate("2018-05-29T10:20:33.018+0000")
}
{ 
    "_id" : ObjectId("5b0d297ecf5e132ac00004f4"), 
    "name" : "Robotics", 
    "date_time" : ISODate("2018-05-29T10:20:46.903+0000")
}
{ 
    "_id" : ObjectId("5b0d299acf5e132ac00004f5"), 
    "name" : "Cyber Security", 
    "date_time" : ISODate("2018-05-29T10:21:14.319+0000")
}
