{ 
    "_id" : ObjectId("5b0cc60acf5e130dec0022c2"), 
    "name" : "Muktak", 
    "platform" : "Big Data", 
    "type" : "Development", 
    "details" : "<p>sdasdsdasdasdasd</p>", 
    "date_time" : ISODate("2018-05-29T03:16:26.543+0000")
}
{ 
    "_id" : ObjectId("5b0d3119cf5e132ac00004fd"), 
    "name" : "Muktak Nitinbhai Pandya", 
    "platform" : "Cyber Security", 
    "type" : "Debugging", 
    "details" : "<p>Final Trial</p>", 
    "date_time" : ISODate("2018-05-29T10:53:13.585+0000")
}
{ 
    "_id" : ObjectId("5b0d33adcf5e132ac00004fe"), 
    "name" : "", 
    "platform" : "Android", 
    "type" : "Debugging", 
    "details" : "", 
    "date_time" : ISODate("2018-05-29T11:04:13.151+0000")
}
{ 
    "_id" : ObjectId("5b0d3b2ccf5e132ac0000500"), 
    "name" : "sadasdsads", 
    "platform" : "Android", 
    "type" : "Development", 
    "details" : "<p>dasdasdasdasdas</p>", 
    "date_time" : ISODate("2018-05-29T11:36:12.404+0000")
}
{ 
    "_id" : ObjectId("5b0d3c4dcf5e132ac0000501"), 
    "name" : "sdad", 
    "platform" : "Android", 
    "type" : "Development", 
    "details" : "<p>dasdasd</p>", 
    "date_time" : ISODate("2018-05-29T11:41:01.085+0000")
}
{ 
    "_id" : ObjectId("5b0d3d1acf5e132ac0000502"), 
    "name" : "aDADSADSAD", 
    "platform" : "Android", 
    "type" : "Development", 
    "details" : "<p>SDASDASDASD</p>", 
    "date_time" : ISODate("2018-05-29T11:44:26.749+0000")
}
{ 
    "_id" : ObjectId("5b0d3ddfcf5e132ac0000503"), 
    "name" : "dadsad", 
    "platform" : "Android", 
    "type" : "Development", 
    "details" : "<p>dasdsadasdsad</p>", 
    "date_time" : ISODate("2018-05-29T11:47:43.347+0000")
}
{ 
    "_id" : ObjectId("5b0d3ed8cf5e132ac0000504"), 
    "name" : "adsadasdsdsadsadasdasdsadas", 
    "platform" : "Android", 
    "type" : "Development", 
    "details" : "<p>dasdasdasdddddddddddddddddddddddddddddddddddddddddddddddddddddddddddddddd</p>", 
    "date_time" : ISODate("2018-05-29T11:51:52.880+0000")
}
{ 
    "_id" : ObjectId("5b0d4325cf5e132ac0000505"), 
    "name" : "title", 
    "platform" : "Android", 
    "type" : "Development", 
    "details" : "<p>dasdasds</p>", 
    "date_time" : ISODate("2018-05-29T12:10:13.416+0000")
}
{ 
    "_id" : ObjectId("5b0d43c5cf5e132ac0000506"), 
    "name" : "wfdawdawd", 
    "platform" : "Android", 
    "type" : "Development", 
    "details" : "<p>dsadsadsadas</p>", 
    "date_time" : ISODate("2018-05-29T12:12:53.419+0000")
}
{ 
    "_id" : ObjectId("5b0d43cdcf5e132ac0000507"), 
    "name" : "wfdawdawd", 
    "platform" : "Android", 
    "type" : "Development", 
    "details" : "<p>dsadsadsadas</p>", 
    "date_time" : ISODate("2018-05-29T12:13:01.041+0000")
}
{ 
    "_id" : ObjectId("5b0d43cecf5e132ac0000508"), 
    "name" : "wfdawdawd", 
    "platform" : "Android", 
    "type" : "Development", 
    "details" : "<p>dsadsadsadas</p>", 
    "date_time" : ISODate("2018-05-29T12:13:02.443+0000")
}
{ 
    "_id" : ObjectId("5b0d4429cf5e132ac0000509"), 
    "name" : "muktak", 
    "platform" : "Android", 
    "type" : "Development", 
    "details" : "<p>muktak</p>", 
    "date_time" : ISODate("2018-05-29T12:14:33.323+0000")
}
{ 
    "_id" : ObjectId("5b0d4657cf5e132ac000050a"), 
    "name" : "MUKTAK", 
    "platform" : "Android", 
    "type" : "Development", 
    "details" : "<p>ZCXCZXCZX</p>", 
    "date_time" : ISODate("2018-05-29T12:23:51.050+0000")
}
