{ 
    "_id" : ObjectId("5afa9fd51217fe102b00002a"), 
    "username" : "Muktak", 
    "usermail" : "muktak@gmail.com", 
    "password" : "Muktak", 
    "view" : "on", 
    "add" : "on", 
    "delete" : "on", 
    "date_time" : "15-05-2018 10:52:37"
}
{ 
    "_id" : ObjectId("5afbc7131217fe101d000029"), 
    "username" : "Muktak Nitinbhai Pandya", 
    "usermail" : "muktak@gmail.com", 
    "password" : "asdlkj97", 
    "view" : "0", 
    "add" : null, 
    "delete" : "1", 
    "date_time" : "16-05-2018 07:52:19"
}
{ 
    "_id" : ObjectId("5b0b9622cf5e131700003842"), 
    "dataline" : "please ho ja", 
    "createdOn" : ISODate("2018-05-28T05:39:46.080+0000")
}
{ 
    "_id" : ObjectId("5b0b9654cf5e131700003843"), 
    "dataline" : "please ho ja", 
    "createdOn" : ISODate("2018-05-28T05:40:36.586+0000")
}
{ 
    "_id" : ObjectId("5b0b9658cf5e131700003844"), 
    "dataline" : "please ho ja", 
    "createdOn" : ISODate("2018-05-28T05:40:40.882+0000")
}
{ 
    "_id" : ObjectId("5b0b9663cf5e131700003845"), 
    "dataline" : "muktak pandya ", 
    "createdOn" : ISODate("2018-05-28T05:40:51.308+0000")
}
{ 
    "_id" : ObjectId("5b0b9862cf5e131700003847"), 
    "dataline" : "finally lets see", 
    "createdOn" : ISODate("2018-05-28T05:49:22.815+0000")
}
{ 
    "_id" : ObjectId("5b0b9d58cf5e13170000384a"), 
    "dataline" : "muktakktaktasdsdssdasd", 
    "createdOn" : ISODate("2018-05-28T06:10:32.486+0000")
}
{ 
    "_id" : ObjectId("5b0b9d9fcf5e13170000384b"), 
    "dataline" : "muktakktaktasdsdssdasd", 
    "createdOn" : ISODate("2014-11-20T01:03:31.987+0000")
}
{ 
    "_id" : ObjectId("5b0b9da6cf5e13170000384c"), 
    "dataline" : "muktak", 
    "createdOn" : ISODate("2014-11-20T01:03:31.987+0000")
}
{ 
    "_id" : ObjectId("5b0b9e82cf5e13170000384e"), 
    "dataline" : "muktak", 
    "createdOn" : ISODate("2018-05-28T06:15:30.478+0000")
}
