{ 
    "_id" : ObjectId("5af2bbab28e4b70632ecfb19"), 
    "session_id" : "tm0j427b5jepfn7f2qc3g5o034", 
    "data" : "", 
    "expired_at" : NumberInt(1525862264), 
    "timedout_at" : NumberInt(1525859264)
}
{ 
    "_id" : ObjectId("5af2ce4e28e4b70632ecfe28"), 
    "session_id" : "03a7ak87va9vgrdli9vflk4cv5", 
    "data" : "", 
    "expired_at" : NumberInt(1525865942), 
    "timedout_at" : NumberInt(1525862942)
}
{ 
    "_id" : ObjectId("5af2d3d028e4b70632ed002d"), 
    "session_id" : "k18kccd69a3vvmjn18giaa6ac5", 
    "data" : "", 
    "expired_at" : NumberInt(1525870407), 
    "timedout_at" : NumberInt(1525867407)
}
{ 
    "_id" : ObjectId("5af2e20628e4b70632ed0324"), 
    "session_id" : "julgq9jgminao0796k7jbkpud2", 
    "data" : "", 
    "expired_at" : NumberInt(1525870824), 
    "timedout_at" : NumberInt(1525867824)
}
{ 
    "_id" : ObjectId("5af3dd536a681ed3f8d09235"), 
    "session_id" : "gqa7lvmqslfg32ekvudla99h22", 
    "data" : "", 
    "expired_at" : NumberInt(1525938532), 
    "timedout_at" : NumberInt(1525935532)
}
{ 
    "_id" : ObjectId("5af3e9e56a681ed3f8d093a2"), 
    "session_id" : "entsdro8i3gsfqjcarr68k1j72", 
    "data" : "", 
    "expired_at" : NumberInt(1525938205), 
    "timedout_at" : NumberInt(1525935205)
}
{ 
    "_id" : ObjectId("5af3ea656a681ed3f8d0940b"), 
    "session_id" : "423o9rfh21mpqmne8g9lgtel50", 
    "data" : "", 
    "expired_at" : NumberInt(1525939064), 
    "timedout_at" : NumberInt(1525936064)
}
{ 
    "_id" : ObjectId("5af3f1bc6a681ed3f8d094f6"), 
    "session_id" : "9tusu6cge5ihucue7u77asuh12", 
    "data" : "", 
    "expired_at" : NumberInt(1525942074), 
    "timedout_at" : NumberInt(1525939074)
}
{ 
    "_id" : ObjectId("5af40b1d6a681ed3f8d0972d"), 
    "session_id" : "dn0l8ip9obssecadobndmoujq2", 
    "data" : "", 
    "expired_at" : NumberInt(1525946808), 
    "timedout_at" : NumberInt(1525943808)
}
{ 
    "_id" : ObjectId("5af426396a681ed3f8d09a03"), 
    "session_id" : "i833ougkneltf1n0a48chofnm0", 
    "data" : "", 
    "expired_at" : NumberInt(1525954211), 
    "timedout_at" : NumberInt(1525951211)
}
{ 
    "_id" : ObjectId("5af57cba2ade5f2690f7c171"), 
    "session_id" : "869pkbf9jug8nnql02suu5r0v3", 
    "data" : "", 
    "expired_at" : NumberInt(1526041290), 
    "timedout_at" : NumberInt(1526038290)
}
{ 
    "_id" : ObjectId("5af92a67c48f02b873765273"), 
    "session_id" : "h6mmitkk2jfv7oiipb2ep1a1g6", 
    "data" : "", 
    "expired_at" : NumberInt(1526285008), 
    "timedout_at" : NumberInt(1526282008)
}
{ 
    "_id" : ObjectId("5af942f335e9afa7a552b2de"), 
    "session_id" : "10uqhrjbf5nh077vj5d7lmtjb2", 
    "data" : "user_id|s:24:\"5af2cdf16465361a8c8ddc84\";", 
    "expired_at" : NumberInt(1526291511), 
    "timedout_at" : NumberInt(1526288511)
}
{ 
    "_id" : ObjectId("5af9596f7e0efdff66a048b3"), 
    "session_id" : "9h8406u6rqe5qi99ml4usip5r1", 
    "data" : "user_id|s:24:\"5af2cdf16465361a8c8ddc84\";", 
    "expired_at" : NumberInt(1526296697), 
    "timedout_at" : NumberInt(1526293697)
}
{ 
    "_id" : ObjectId("5af96b54a7a364424c42d5ca"), 
    "session_id" : "bc44na5bmbc3j9f23jpjd8g6i2", 
    "data" : "", 
    "expired_at" : NumberInt(1526300010), 
    "timedout_at" : NumberInt(1526297010)
}
{ 
    "_id" : ObjectId("5af978faa7a364424c42d74f"), 
    "session_id" : "107odemifgk5ckf7f8o6uje3n0", 
    "data" : "", 
    "expired_at" : NumberInt(1526302626), 
    "timedout_at" : NumberInt(1526299626)
}
{ 
    "_id" : ObjectId("5afa79e0a69ef2433c1888a3"), 
    "session_id" : "pef9a48su83fnpmvrrg5iff762", 
    "data" : "user_id|s:24:\"5af2cdf16465361a8c8ddc84\";", 
    "expired_at" : NumberInt(1526368417), 
    "timedout_at" : NumberInt(1526365417)
}
{ 
    "_id" : ObjectId("5afa847811a5fa879b36ff45"), 
    "session_id" : "dtvehfe3jdafjcicelmur7is86", 
    "data" : "user_id|s:24:\"5af2cdf16465361a8c8ddc84\";", 
    "expired_at" : NumberInt(1526371048), 
    "timedout_at" : NumberInt(1526368048)
}
{ 
    "_id" : ObjectId("5afa9d4c11a5fa879b36fff5"), 
    "session_id" : "t7ujtkhe0vklv1v4dake669n01", 
    "data" : "user_id|s:24:\"5af2cdf16465361a8c8ddc84\";", 
    "expired_at" : NumberInt(1526377857), 
    "timedout_at" : NumberInt(1526374857)
}
{ 
    "_id" : ObjectId("5afbc5a43d6c9b973ccb92a3"), 
    "session_id" : "csoa93fp8at89asq0rtr3ag8k6", 
    "data" : "", 
    "expired_at" : NumberInt(1526456057), 
    "timedout_at" : NumberInt(1526453057)
}
{ 
    "_id" : ObjectId("5afbd8f0da8cf78702510431"), 
    "session_id" : "2trhu63gm3gdqkmlf2tnkakae4", 
    "data" : "user_id|s:24:\"5af2cdf16465361a8c8ddc84\";", 
    "expired_at" : NumberInt(1526458112), 
    "timedout_at" : NumberInt(1526455112)
}
{ 
    "_id" : ObjectId("5afbeb71670da9cd59a975c3"), 
    "session_id" : "6d8dcum09fgu2qufnq7fidlar5", 
    "data" : "user_id|s:24:\"5af2cdf16465361a8c8ddc84\";", 
    "expired_at" : NumberInt(1526462849), 
    "timedout_at" : NumberInt(1526459849)
}
{ 
    "_id" : ObjectId("5afbffd4670da9cd59a97796"), 
    "session_id" : "2n1leucbt6hl2cfqun997teq20", 
    "data" : "user_id|s:24:\"5afbfe181217feec2c00002b\";", 
    "expired_at" : NumberInt(1526468102), 
    "timedout_at" : NumberInt(1526465102)
}
{ 
    "_id" : ObjectId("5afd1696346ee0b5a4cb5cea"), 
    "session_id" : "u078d0ub2f43iht9o6oq8c6541", 
    "data" : "", 
    "expired_at" : NumberInt(1526539430), 
    "timedout_at" : NumberInt(1526536430)
}
{ 
    "_id" : ObjectId("5afd1696346ee0b5a4cb5ce9"), 
    "session_id" : "6ak75jn0ak4r0b5l12ibk7egj2", 
    "data" : "", 
    "expired_at" : NumberInt(1526542137), 
    "timedout_at" : NumberInt(1526539137)
}
{ 
    "_id" : ObjectId("5afd2280346ee0b5a4cb5e48"), 
    "session_id" : "8lvp7dtmrk9peovtj3of3uem27", 
    "data" : "user_id|s:24:\"5afbfe181217feec2c00002b\";", 
    "expired_at" : NumberInt(1526542480), 
    "timedout_at" : NumberInt(1526539480)
}
{ 
    "_id" : ObjectId("5afd5498346ee0b5a4cb5f93"), 
    "session_id" : "irpdauikgskf0q60ob1asm6737", 
    "data" : "user_id|s:24:\"5afbfe181217feec2c00002b\";", 
    "expired_at" : NumberInt(1526555304), 
    "timedout_at" : NumberInt(1526552304)
}
{ 
    "_id" : ObjectId("5afd69d9346ee0b5a4cb5fa9"), 
    "session_id" : "olbfs16pmjpbv8f35165hbfpr5", 
    "data" : "", 
    "expired_at" : NumberInt(1526560745), 
    "timedout_at" : NumberInt(1526557745)
}
{ 
    "_id" : ObjectId("5afdcbf3346ee0b5a4cb5fd3"), 
    "session_id" : "k8fsmgegnrdopb6knqg558k375", 
    "data" : "", 
    "expired_at" : NumberInt(1526585858), 
    "timedout_at" : NumberInt(1526582858)
}
{ 
    "_id" : ObjectId("5afe7022346ee0b5a4cb601c"), 
    "session_id" : "gtgk4lgo4ihnouquv34kfi0ig5", 
    "data" : "", 
    "expired_at" : NumberInt(1526627890), 
    "timedout_at" : NumberInt(1526624890)
}
{ 
    "_id" : ObjectId("5b00006224276d3763b228ce"), 
    "session_id" : "g3oarodi592cc26g2r3gq0h8h3", 
    "data" : "", 
    "expired_at" : NumberInt(1526730354), 
    "timedout_at" : NumberInt(1526727354)
}
{ 
    "_id" : ObjectId("5b02aa09033fd48fe7a0bbcb"), 
    "session_id" : "dehurs0tnd1u41g8lnad9nqfv2", 
    "data" : "user_id|s:24:\"5b02b2b01217fe302d000029\";", 
    "expired_at" : NumberInt(1526907087), 
    "timedout_at" : NumberInt(1526904087)
}
{ 
    "_id" : ObjectId("5b03c0365d64f6902922b3ed"), 
    "session_id" : "k34agmjp9a7qas1bcj9m996tf5", 
    "data" : "user_id|s:24:\"5b02b2b01217fe302d000029\";", 
    "expired_at" : NumberInt(1526976070), 
    "timedout_at" : NumberInt(1526973070)
}
