{ 
    "_id" : ObjectId("5b0ca439cf5e1320840010e0"), 
    "name" : "Sagar Thakare", 
    "password" : "Muktan97", 
    "email" : "sagar@gmail.com", 
    "phone" : "9048764467", 
    "userview" : "0", 
    "useradd" : "1", 
    "userdelete" : "1", 
    "platview" : "1", 
    "platadd" : "1", 
    "platdelete" : "0", 
    "titleview" : "1", 
    "titleadd" : "0", 
    "titledelete" : "1", 
    "topicview" : "1", 
    "topicadd" : "0", 
    "topicdelete" : "1", 
    "date_time" : ISODate("2018-05-29T00:52:09.022+0000")
}
{ 
    "_id" : ObjectId("5b0ca622cf5e1320840010e3"), 
    "name" : "muktak", 
    "password" : "Muknav97", 
    "email" : "muktak@gmail.com", 
    "phone" : "9408764467", 
    "userview" : "1", 
    "useradd" : "0", 
    "userdelete" : "0", 
    "platview" : "1", 
    "platadd" : "0", 
    "platdelete" : "0", 
    "titleview" : "1", 
    "titleadd" : "0", 
    "titledelete" : "0", 
    "topicview" : "1", 
    "topicadd" : "0", 
    "topicdelete" : "0", 
    "date_time" : ISODate("2018-05-29T01:00:18.739+0000")
}
{ 
    "_id" : ObjectId("5b0cf8d6cf5e132ac00004e6"), 
    "name" : "asdsadsadasd", 
    "password" : "sadasdsa", 
    "email" : "sdasdasdasdasdasd@gmail.com", 
    "phone" : "9408764467", 
    "userview" : "0", 
    "useradd" : "0", 
    "userdelete" : "0", 
    "platview" : "0", 
    "platadd" : "0", 
    "platdelete" : "0", 
    "titleview" : "0", 
    "titleadd" : "0", 
    "titledelete" : "0", 
    "topicview" : "0", 
    "topicadd" : "0", 
    "topicdelete" : "0", 
    "date_time" : ISODate("2018-05-29T06:53:10.133+0000")
}
{ 
    "_id" : ObjectId("5b0cfbd3cf5e132ac00004e9"), 
    "name" : "sadsad", 
    "password" : "dsadasd", 
    "email" : "dasdasd@gmail.com", 
    "phone" : "dasdasd", 
    "userview" : "1", 
    "useradd" : "1", 
    "userdelete" : "0", 
    "platview" : "1", 
    "platadd" : "0", 
    "platdelete" : "1", 
    "titleview" : "1", 
    "titleadd" : "1", 
    "titledelete" : "1", 
    "topicview" : "0", 
    "topicadd" : "0", 
    "topicdelete" : "0", 
    "date_time" : ISODate("2018-05-29T07:05:55.420+0000")
}
{ 
    "_id" : ObjectId("5b0d1c3bcf5e132ac00004f2"), 
    "name" : "Muktak", 
    "password" : "asdasdasd", 
    "email" : "muktak@gmail.com", 
    "phone" : "9408764467", 
    "userview" : "0", 
    "useradd" : "0", 
    "userdelete" : "0", 
    "platview" : "1", 
    "platadd" : "1", 
    "platdelete" : "0", 
    "titleview" : "0", 
    "titleadd" : "0", 
    "titledelete" : "0", 
    "topicview" : "0", 
    "topicadd" : "0", 
    "topicdelete" : "0", 
    "date_time" : ISODate("2018-05-29T09:24:11.492+0000")
}
